{
  "$schema": "https://vega.github.io/schema/vega-lite/v5.json",
  "description": "Layered map combining UK regional boundaries as background with airport points sized by aircraft movements.",
  "title": "UK Airports (Layered)",
  "width": 350,
  "height": 400,
  "layer": [
    {
      "data": {
        "url": "https://raw.githubusercontent.com/jhellingsdata/jhellingsdata.github.io/main/Data/UK%20Map%20Data/ITL1_2021_20m.geojson",
        "format": {"property": "features"}
      },
      "projection": {"type": "mercator"},
      "mark": {
        "type": "geoshape",
        "fill": "lightgray",
        "stroke": "white",
        "strokeWidth": 0.1
      },
      "encoding": {
        "tooltip": {"field": "properties.ITL121NM"}
      }
    },
    {
      "data": {
        "url": "https://raw.githubusercontent.com/jhellingsdata/jhellingsdata.github.io/main/Data/point_maps/UK_airports2.csv"
      },
      "projection": {"type": "mercator"},
      "mark": "circle",
      "encoding": {
        "longitude": {"field": "longY", "type": "quantitative"},
        "latitude": {"field": "latX", "type": "quantitative"},
        "size": {"field": "Aircraft Movements", "type": "quantitative"},
        "color": {"value": "#D35400"},
        "tooltip": [
          {"field": "Airport"},
          {"field": "Passengers", "format": ","},
          {"field": "Aircraft Movements", "format": ","}
        ]
      }
    }
  ]
}