date,item_id,price,label
2005-01-01,210106,0.8027273,Bread
2005-01-01,210403,4.605769,Beef
2005-01-01,210905,2.5528638,Fresh chicken
2005-01-01,211210,1.4248968,frozen fish
2005-01-01,212405,1.2063874,frozen chips
2005-02-01,210106,0.83631146,Bread
2005-02-01,210403,4.5665693,Beef
2005-02-01,210905,2.4739487,Fresh chicken
2005-02-01,211210,1.3858602,frozen fish
2005-02-01,212405,1.2325424,frozen chips
2005-03-01,210106,0.844127,Bread
2005-03-01,210403,4.6180415,Beef
2005-03-01,210905,2.5664594,Fresh chicken
2005-03-01,211210,1.4324719,frozen fish
2005-03-01,212405,1.2214439,frozen chips
2005-04-01,210106,0.82835937,Bread
2005-04-01,210403,4.5999246,Beef
2005-04-01,210905,2.5175226,Fresh chicken
2005-04-01,211210,1.4035001,frozen fish
2005-04-01,212405,1.1955851,frozen chips
2005-05-01,210106,0.7265306,Bread
2005-05-01,210403,4.326579,Beef
2005-05-01,210905,2.3821428,Fresh chicken
2005-05-01,211210,1.3897928,frozen fish
2005-05-01,212405,1.2425137,frozen chips
2005-06-01,210106,0.8197656,Bread
2005-06-01,210403,4.651341,Beef
2005-06-01,210905,2.5312612,Fresh chicken
2005-06-01,211210,1.368706,frozen fish
2005-06-01,212405,1.1683334,frozen chips
2005-07-01,210106,0.79071426,Bread
2005-07-01,210403,4.6567187,Beef
2005-07-01,210905,2.5263135,Fresh chicken
2005-07-01,211210,1.311649,frozen fish
2005-07-01,212405,1.1820103,frozen chips
2005-08-01,210106,0.80984616,Bread
2005-08-01,210403,4.6491504,Beef
2005-08-01,210905,2.4970224,Fresh chicken
2005-08-01,211210,1.3396591,frozen fish
2005-08-01,212405,1.1650001,frozen chips
2005-09-01,210106,0.8238519,Bread
2005-09-01,210403,4.63254,Beef
2005-09-01,210905,2.4868965,Fresh chicken
2005-09-01,211210,1.3470304,frozen fish
2005-09-01,212405,1.1576087,frozen chips
2005-10-01,210106,0.82057375,Bread
2005-10-01,210403,4.641034,Beef
2005-10-01,210905,2.509906,Fresh chicken
2005-10-01,211210,1.3957528,frozen fish
2005-10-01,212405,1.1754545,frozen chips
2005-11-01,210106,0.8247015,Bread
2005-11-01,210403,4.6160607,Beef
2005-11-01,210905,2.4967275,Fresh chicken
2005-11-01,211210,1.3978143,frozen fish
2005-11-01,212405,1.1690323,frozen chips
2005-12-01,210106,0.8180741,Bread
2005-12-01,210403,4.595763,Beef
2005-12-01,210905,2.537511,Fresh chicken
2005-12-01,211210,1.4669473,frozen fish
2005-12-01,212405,1.2423126,frozen chips
2006-01-01,210106,0.82325923,Bread
2006-01-01,210403,4.6304903,Beef
2006-01-01,210905,2.5429597,Fresh chicken
2006-01-01,211210,1.4610229,frozen fish
2006-01-01,212405,1.3118824,frozen chips
2006-02-01,210106,0.83370966,Bread
2006-02-01,210403,4.518259,Beef
2006-02-01,210905,2.6099498,Fresh chicken
2006-02-01,211210,1.4230168,frozen fish
2006-02-01,212405,1.3335294,frozen chips
2006-03-01,210106,0.81406504,Bread
2006-03-01,210403,4.6258397,Beef
2006-03-01,210905,2.5731707,Fresh chicken
2006-03-01,211210,1.4759771,frozen fish
2006-03-01,212405,1.3217442,frozen chips
2006-04-01,210106,0.8412977,Bread
2006-04-01,210403,4.6446924,Beef
2006-04-01,210905,2.5628126,Fresh chicken
2006-04-01,211210,1.5138372,frozen fish
2006-04-01,212405,1.3352487,frozen chips
2006-05-01,210106,0.8228347,Bread
2006-05-01,210403,4.7273417,Beef
2006-05-01,210905,2.5213964,Fresh chicken
2006-05-01,211210,1.498306,frozen fish
2006-05-01,212405,1.3377249,frozen chips
2006-06-01,210106,0.8248819,Bread
2006-06-01,210403,4.6837063,Beef
2006-06-01,210905,2.542202,Fresh chicken
2006-06-01,211210,1.5141362,frozen fish
2006-06-01,212405,1.3605759,frozen chips
2006-07-01,210106,0.846746,Bread
2006-07-01,210403,4.865947,Beef
2006-07-01,210905,2.5104072,Fresh chicken
2006-07-01,211210,1.5197917,frozen fish
2006-07-01,212405,1.2826425,frozen chips
2006-08-01,210106,0.8169767,Bread
2006-08-01,210403,4.8952346,Beef
2006-08-01,210905,2.5065753,Fresh chicken
2006-08-01,211210,1.5396843,frozen fish
2006-08-01,212405,1.3179661,frozen chips
2006-09-01,210106,0.80763364,Bread
2006-09-01,210403,4.8955894,Beef
2006-09-01,210905,2.538927,Fresh chicken
2006-09-01,211210,1.5398974,frozen fish
2006-09-01,212405,1.310564,frozen chips
2006-10-01,210106,0.7962595,Bread
2006-10-01,210403,4.9454103,Beef
2006-10-01,210905,2.4420815,Fresh chicken
2006-10-01,211210,1.4799016,frozen fish
2006-10-01,212405,1.335862,frozen chips
2006-11-01,210106,0.82456696,Bread
2006-11-01,210403,4.885805,Beef
2006-11-01,210905,2.5073423,Fresh chicken
2006-11-01,211210,1.4657005,frozen fish
2006-11-01,212405,1.475848,frozen chips
2006-12-01,210106,0.82976925,Bread
2006-12-01,210403,4.9836984,Beef
2006-12-01,210905,2.5351756,Fresh chicken
2006-12-01,211210,1.510792,frozen fish
2006-12-01,212405,1.4876503,frozen chips
2007-01-01,210106,0.8329688,Bread
2007-01-01,210403,5.0073915,Beef
2007-01-01,210905,2.5530841,Fresh chicken
2007-01-01,211210,1.6352352,frozen fish
2007-01-01,212405,1.3882475,frozen chips
2007-02-01,210106,0.8236585,Bread
2007-02-01,210403,4.9597254,Beef
2007-02-01,210905,2.4783576,Fresh chicken
2007-02-01,211210,1.6121303,frozen fish
2007-02-01,212405,1.5071065,frozen chips
2007-03-01,210106,0.8454962,Bread
2007-03-01,210403,4.9974613,Beef
2007-03-01,210905,2.4553125,Fresh chicken
2007-03-01,211210,1.6398817,frozen fish
2007-03-01,212405,1.4828641,frozen chips
2007-04-01,210106,0.8400764,Bread
2007-04-01,210403,5.0072656,Beef
2007-04-01,210905,2.518532,Fresh chicken
2007-04-01,211210,1.6111835,frozen fish
2007-04-01,212405,1.4399505,frozen chips
2007-05-01,210106,0.8438806,Bread
2007-05-01,210403,4.998897,Beef
2007-05-01,210905,2.5579205,Fresh chicken
2007-05-01,211210,1.6153756,frozen fish
2007-05-01,212405,1.501592,frozen chips
2007-06-01,210106,0.850155,Bread
2007-06-01,210403,4.9957914,Beef
2007-06-01,210905,2.5591593,Fresh chicken
2007-06-01,211210,1.6771265,frozen fish
2007-06-01,212405,1.5015196,frozen chips
2007-07-01,210106,0.8428788,Bread
2007-07-01,210403,5.0423865,Beef
2007-07-01,210905,2.5610917,Fresh chicken
2007-07-01,211210,1.6696451,frozen fish
2007-07-01,212405,1.4189501,frozen chips
2007-08-01,210106,0.8493985,Bread
2007-08-01,210403,5.0419927,Beef
2007-08-01,210905,2.551229,Fresh chicken
2007-08-01,211210,1.5987432,frozen fish
2007-08-01,212405,1.483596,frozen chips
2007-09-01,210106,0.8719841,Bread
2007-09-01,210403,4.941208,Beef
2007-09-01,210905,2.5741124,Fresh chicken
2007-09-01,211210,1.6428572,frozen fish
2007-09-01,212405,1.4317734,frozen chips
2007-10-01,210106,0.8924243,Bread
2007-10-01,210403,4.9888167,Beef
2007-10-01,210905,2.5912776,Fresh chicken
2007-10-01,211210,1.640339,frozen fish
2007-10-01,212405,1.438349,frozen chips
2007-11-01,210106,0.9054887,Bread
2007-11-01,210403,5.0425844,Beef
2007-11-01,210905,2.6974168,Fresh chicken
2007-11-01,211210,1.5546032,frozen fish
2007-11-01,212405,1.4800934,frozen chips
2007-12-01,210106,0.9087681,Bread
2007-12-01,210403,5.0178676,Beef
2007-12-01,210905,2.7306695,Fresh chicken
2007-12-01,211210,1.560842,frozen fish
2007-12-01,212405,1.433785,frozen chips
2008-01-01,210106,0.9105147,Bread
2008-01-01,210403,5.0567408,Beef
2008-01-01,210905,2.695322,Fresh chicken
2008-01-01,211210,1.5872192,frozen fish
2008-01-01,212405,1.3651814,frozen chips
2008-02-01,210106,0.9033859,Bread
2008-02-01,210403,5.240568,Beef
2008-02-01,210905,2.7825115,Fresh chicken
2008-02-01,211210,1.5749726,frozen fish
2008-02-01,212405,1.4475125,frozen chips
2008-03-01,210106,0.890303,Bread
2008-03-01,210403,5.2643704,Beef
2008-03-01,210905,2.7326777,Fresh chicken
2008-03-01,211210,1.6424193,frozen fish
2008-03-01,212405,1.3864928,frozen chips
2008-04-01,210106,0.8861538,Bread
2008-04-01,210403,5.4049044,Beef
2008-04-01,210905,2.7975757,Fresh chicken
2008-04-01,211210,1.6405587,frozen fish
2008-04-01,212405,1.4330542,frozen chips
2008-05-01,210106,0.9092914,Bread
2008-05-01,210403,5.5132937,Beef
2008-05-01,210905,2.9357455,Fresh chicken
2008-05-01,211210,1.6777272,frozen fish
2008-05-01,212405,1.4135784,frozen chips
2008-06-01,210106,0.8954199,Bread
2008-06-01,210403,5.7616014,Beef
2008-06-01,210905,3.0716355,Fresh chicken
2008-06-01,211210,1.6118749,frozen fish
2008-06-01,212405,1.4497524,frozen chips
2008-07-01,210106,0.9080916,Bread
2008-07-01,210403,5.9356537,Beef
2008-07-01,210905,3.178455,Fresh chicken
2008-07-01,211210,1.6374534,frozen fish
2008-07-01,212405,1.513618,frozen chips
2008-08-01,210106,0.9262016,Bread
2008-08-01,210403,5.8826847,Beef
2008-08-01,210905,3.109087,Fresh chicken
2008-08-01,211210,1.6908975,frozen fish
2008-08-01,212405,1.5154028,frozen chips
2008-09-01,210106,0.89658916,Bread
2008-09-01,210403,5.9047246,Beef
2008-09-01,210905,3.128,Fresh chicken
2008-09-01,211210,1.7407471,frozen fish
2008-09-01,212405,1.5410293,frozen chips
2008-10-01,210106,0.9257037,Bread
2008-10-01,210403,5.9255223,Beef
2008-10-01,210905,3.2308156,Fresh chicken
2008-10-01,211210,1.7187647,frozen fish
2008-10-01,212405,1.460255,frozen chips
2008-11-01,210106,0.9369291,Bread
2008-11-01,210403,6.0206947,Beef
2008-11-01,210905,3.2363374,Fresh chicken
2008-11-01,211210,1.7504193,frozen fish
2008-11-01,212405,1.6016,frozen chips
2008-12-01,210106,0.9452985,Bread
2008-12-01,210403,6.1036654,Beef
2008-12-01,210905,3.196323,Fresh chicken
2008-12-01,211210,1.7548109,frozen fish
2008-12-01,212405,1.5992271,frozen chips
2009-01-01,210106,0.9241791,Bread
2009-01-01,210403,6.0890236,Beef
2009-01-01,210905,3.2689917,Fresh chicken
2009-01-01,211210,1.6860656,frozen fish
2009-01-01,212405,1.5046799,frozen chips
2009-02-01,210106,0.9578572,Bread
2009-02-01,210403,6.1791286,Beef
2009-02-01,210905,3.246278,Fresh chicken
2009-02-01,211210,1.744436,frozen fish
2009-02-01,212405,1.5168749,frozen chips
2009-03-01,210106,0.9661667,Bread
2009-03-01,210403,6.1577907,Beef
2009-03-01,210905,3.2619214,Fresh chicken
2009-03-01,211210,1.835294,frozen fish
2009-03-01,212405,1.5670443,frozen chips
2009-04-01,210106,0.956,Bread
2009-04-01,210403,6.197647,Beef
2009-04-01,210905,3.2289178,Fresh chicken
2009-04-01,211210,1.8402239,frozen fish
2009-04-01,212405,1.5780095,frozen chips
2009-05-01,210106,0.9670635,Bread
2009-05-01,210403,6.222795,Beef
2009-05-01,210905,3.2459633,Fresh chicken
2009-05-01,211210,1.8893616,frozen fish
2009-05-01,212405,1.5946153,frozen chips
2009-06-01,210106,0.98636365,Bread
2009-06-01,210403,6.260433,Beef
2009-06-01,210905,3.2600865,Fresh chicken
2009-06-01,211210,1.8432744,frozen fish
2009-06-01,212405,1.524541,frozen chips
2009-07-01,210106,0.96944,Bread
2009-07-01,210403,6.2347813,Beef
2009-07-01,210905,3.1559558,Fresh chicken
2009-07-01,211210,1.9675833,frozen fish
2009-07-01,212405,1.5389,frozen chips
2009-08-01,210106,0.95852715,Bread
2009-08-01,210403,6.282235,Beef
2009-08-01,210905,3.2687013,Fresh chicken
2009-08-01,211210,1.9310744,frozen fish
2009-08-01,212405,1.4832836,frozen chips
2009-09-01,210106,0.96862596,Bread
2009-09-01,210403,6.2659764,Beef
2009-09-01,210905,3.2249355,Fresh chicken
2009-09-01,211210,1.762327,frozen fish
2009-09-01,212405,1.5349756,frozen chips
2009-10-01,210106,0.943985,Bread
2009-10-01,210403,6.2653694,Beef
2009-10-01,210905,3.2373896,Fresh chicken
2009-10-01,211210,1.7567044,frozen fish
2009-10-01,212405,1.518835,frozen chips
2009-11-01,210106,0.9494615,Bread
2009-11-01,210403,6.280618,Beef
2009-11-01,210905,3.0971622,Fresh chicken
2009-11-01,211210,1.7542473,frozen fish
2009-11-01,212405,1.475,frozen chips
2009-12-01,210106,0.9509702,Bread
2009-12-01,210403,6.308314,Beef
2009-12-01,210905,3.1940887,Fresh chicken
2009-12-01,211210,1.8695024,frozen fish
2009-12-01,212405,1.5098029,frozen chips
2010-01-01,210106,0.92274076,Bread
2010-01-01,210403,6.2910156,Beef
2010-01-01,210905,3.1669333,Fresh chicken
2010-01-01,211210,1.7718918,frozen fish
2010-01-01,212405,1.3652885,frozen chips
2010-02-01,210106,0.8892248,Bread
2010-02-01,210403,6.15841,Beef
2010-02-01,210905,3.241033,Fresh chicken
2010-02-01,211210,1.7557865,frozen fish
2010-02-01,212405,1.4132473,frozen chips
2010-03-01,210106,0.92488545,Bread
2010-03-01,210403,6.2441797,Beef
2010-03-01,210905,3.1642058,Fresh chicken
2010-03-01,211210,1.7367204,frozen fish
2010-03-01,212405,1.4755825,frozen chips
2010-04-01,210106,0.9168504,Bread
2010-04-01,210403,6.24851,Beef
2010-04-01,210905,3.280897,Fresh chicken
2010-04-01,211210,1.7930883,frozen fish
2010-04-01,212405,1.5153424,frozen chips
2010-05-01,210106,0.9484252,Bread
2010-05-01,210403,6.2734747,Beef
2010-05-01,210905,3.210688,Fresh chicken
2010-05-01,211210,1.7923256,frozen fish
2010-05-01,212405,1.4949082,frozen chips
2010-06-01,210106,0.93776923,Bread
2010-06-01,210403,6.3267446,Beef
2010-06-01,210905,3.206323,Fresh chicken
2010-06-01,211210,1.7286295,frozen fish
2010-06-01,212405,1.51131,frozen chips
2010-07-01,210106,0.92477274,Bread
2010-07-01,210403,6.265346,Beef
2010-07-01,210905,3.2331362,Fresh chicken
2010-07-01,211210,1.7824528,frozen fish
2010-07-01,212405,1.5195909,frozen chips
2010-08-01,210106,0.9479231,Bread
2010-08-01,210403,6.247846,Beef
2010-08-01,210905,3.1777778,Fresh chicken
2010-08-01,211210,1.7572124,frozen fish
2010-08-01,212405,1.4467118,frozen chips
2010-09-01,210106,0.95416003,Bread
2010-09-01,210403,6.286312,Beef
2010-09-01,210905,3.1779246,Fresh chicken
2010-09-01,211210,1.7888739,frozen fish
2010-09-01,212405,1.4586363,frozen chips
2010-10-01,210106,0.9582089,Bread
2010-10-01,210403,6.2548094,Beef
2010-10-01,210905,3.1474886,Fresh chicken
2010-10-01,211210,1.7473303,frozen fish
2010-10-01,212405,1.4162273,frozen chips
2010-11-01,210106,0.95717555,Bread
2010-11-01,210403,6.2355213,Beef
2010-11-01,210905,3.1875112,Fresh chicken
2010-11-01,211210,1.7924,frozen fish
2010-11-01,212405,1.5442723,frozen chips
2010-12-01,210106,0.9787591,Bread
2010-12-01,210403,6.2597346,Beef
2010-12-01,210905,3.3254106,Fresh chicken
2010-12-01,211210,1.6962037,frozen fish
2010-12-01,212405,1.5286697,frozen chips
2011-01-01,210106,0.96546876,Bread
2011-01-01,210403,6.2474713,Beef
2011-01-01,210905,3.3154166,Fresh chicken
2011-01-01,211210,1.6345575,frozen fish
2011-01-01,212405,1.5101755,frozen chips
2011-02-01,210106,1.0009756,Bread
2011-02-01,210403,6.353426,Beef
2011-02-01,210905,3.3132308,Fresh chicken
2011-02-01,211210,1.6739106,frozen fish
2011-02-01,212405,1.5478605,frozen chips
2011-03-01,210106,1.0084733,Bread
2011-03-01,210403,6.3678327,Beef
2011-03-01,210905,3.3768294,Fresh chicken
2011-03-01,211210,1.7219375,frozen fish
2011-03-01,212405,1.6279465,frozen chips
2011-04-01,210106,1.0029008,Bread
2011-04-01,210403,6.331279,Beef
2011-04-01,210905,3.4226441,Fresh chicken
2011-04-01,211210,1.7005223,frozen fish
2011-04-01,212405,1.6685778,frozen chips
2011-05-01,210106,1.0121804,Bread
2011-05-01,210403,6.3834906,Beef
2011-05-01,210905,3.4347196,Fresh chicken
2011-05-01,211210,1.666115,frozen fish
2011-05-01,212405,1.7164414,frozen chips
2011-06-01,210106,1.0346564,Bread
2011-06-01,210403,6.4418006,Beef
2011-06-01,210905,3.4722857,Fresh chicken
2011-06-01,211210,1.7009271,frozen fish
2011-06-01,212405,1.6988019,frozen chips
2011-07-01,210106,1.0386155,Bread
2011-07-01,210403,6.4613566,Beef
2011-07-01,210905,3.4839604,Fresh chicken
2011-07-01,211210,1.810733,frozen fish
2011-07-01,212405,1.6982433,frozen chips
2011-08-01,210106,1.0533847,Bread
2011-08-01,210403,6.428385,Beef
2011-08-01,210905,3.5742326,Fresh chicken
2011-08-01,211210,1.8442719,frozen fish
2011-08-01,212405,1.6553425,frozen chips
2011-09-01,210106,1.0282353,Bread
2011-09-01,210403,6.568008,Beef
2011-09-01,210905,3.5465436,Fresh chicken
2011-09-01,211210,1.8743434,frozen fish
2011-09-01,212405,1.6864574,frozen chips
2011-10-01,210106,1.0377693,Bread
2011-10-01,210403,6.577915,Beef
2011-10-01,210905,3.4844341,Fresh chicken
2011-10-01,211210,1.9207615,frozen fish
2011-10-01,212405,1.6664865,frozen chips
2011-11-01,210106,1.0633333,Bread
2011-11-01,210403,6.7847843,Beef
2011-11-01,210905,3.443511,Fresh chicken
2011-11-01,211210,1.9438806,frozen fish
2011-11-01,212405,1.687844,frozen chips
2011-12-01,210106,1.0572656,Bread
2011-12-01,210403,6.899506,Beef
2011-12-01,210905,3.5046296,Fresh chicken
2011-12-01,211210,1.9958501,frozen fish
2011-12-01,212405,1.6840866,frozen chips
2012-01-01,210106,1.0126667,Bread
2012-01-01,210403,6.9937873,Beef
2012-01-01,210905,3.5073392,Fresh chicken
2012-01-01,211210,1.9104854,frozen fish
2012-01-01,212405,1.6478761,frozen chips
2012-02-01,210106,1.0159092,Bread
2012-02-01,210403,7.073431,Beef
2012-02-01,210905,3.5681396,Fresh chicken
2012-02-01,211210,1.8386408,frozen fish
2012-02-01,212405,1.6859715,frozen chips
2012-03-01,210106,1.0606569,Bread
2012-03-01,210403,7.0013833,Beef
2012-03-01,210905,3.567544,Fresh chicken
2012-03-01,211210,1.9808096,frozen fish
2012-03-01,212405,1.6960766,frozen chips
2012-04-01,210106,1.0449243,Bread
2012-04-01,210403,7.060984,Beef
2012-04-01,210905,3.497729,Fresh chicken
2012-04-01,211210,1.9213526,frozen fish
2012-04-01,212405,1.6640298,frozen chips
2012-05-01,210106,1.0294929,Bread
2012-05-01,210403,7.259533,Beef
2012-05-01,210905,3.4471369,Fresh chicken
2012-05-01,211210,1.9832653,frozen fish
2012-05-01,212405,1.6288947,frozen chips
2012-06-01,210106,1.0391241,Bread
2012-06-01,210403,7.252903,Beef
2012-06-01,210905,3.4818804,Fresh chicken
2012-06-01,211210,1.8605381,frozen fish
2012-06-01,212405,1.6736126,frozen chips
2012-07-01,210106,1.0497761,Bread
2012-07-01,210403,7.3131557,Beef
2012-07-01,210905,3.4462614,Fresh chicken
2012-07-01,211210,1.9285463,frozen fish
2012-07-01,212405,1.6550491,frozen chips
2012-08-01,210106,1.0491729,Bread
2012-08-01,210403,7.334462,Beef
2012-08-01,210905,3.3944955,Fresh chicken
2012-08-01,211210,2.0049338,frozen fish
2012-08-01,212405,1.6027929,frozen chips
2012-09-01,210106,1.0628788,Bread
2012-09-01,210403,7.412745,Beef
2012-09-01,210905,3.4385965,Fresh chicken
2012-09-01,211210,1.976416,frozen fish
2012-09-01,212405,1.6073756,frozen chips
2012-10-01,210106,1.0472993,Bread
2012-10-01,210403,7.43977,Beef
2012-10-01,210905,3.4115422,Fresh chicken
2012-10-01,211210,2.0792592,frozen fish
2012-10-01,212405,1.6143379,frozen chips
2012-11-01,210106,1.0827273,Bread
2012-11-01,210403,7.464633,Beef
2012-11-01,210905,3.566425,Fresh chicken
2012-11-01,211210,1.9663204,frozen fish
2012-11-01,212405,1.6219355,frozen chips
2012-12-01,210106,1.0768657,Bread
2012-12-01,210403,7.4262547,Beef
2012-12-01,210905,3.6165767,Fresh chicken
2012-12-01,211210,2.0206788,frozen fish
2012-12-01,212405,1.6371028,frozen chips
2013-01-01,210106,1.0677273,Bread
2013-01-01,210403,7.496423,Beef
2013-01-01,210905,3.5637662,Fresh chicken
2013-01-01,211210,1.9846636,frozen fish
2013-01-01,212405,1.6769907,frozen chips
2013-02-01,210106,1.0185827,Bread
2013-02-01,210403,7.5258756,Beef
2013-02-01,210905,3.5837717,Fresh chicken
2013-02-01,211210,2.1058412,frozen fish
2013-02-01,212405,1.892767,frozen chips
2013-03-01,210106,1.0053384,Bread
2013-03-01,210403,7.541716,Beef
2013-03-01,210905,3.5903878,Fresh chicken
2013-03-01,211210,2.1274886,frozen fish
2013-03-01,212405,1.8925822,frozen chips
2013-04-01,210106,1.0365248,Bread
2013-04-01,210403,7.661146,Beef
2013-04-01,210905,3.5620675,Fresh chicken
2013-04-01,211210,2.1791584,frozen fish
2013-04-01,212405,1.8859727,frozen chips
2013-05-01,210106,1.0384172,Bread
2013-05-01,210403,7.7262597,Beef
2013-05-01,210905,3.653532,Fresh chicken
2013-05-01,211210,2.1106944,frozen fish
2013-05-01,212405,1.8633945,frozen chips
2013-06-01,210106,1.0315329,Bread
2013-06-01,210403,7.7680707,Beef
2013-06-01,210905,3.6578689,Fresh chicken
2013-06-01,211210,2.0542173,frozen fish
2013-06-01,212405,1.7615094,frozen chips
2013-07-01,210106,1.0228682,Bread
2013-07-01,210403,7.8025703,Beef
2013-07-01,210905,3.6627426,Fresh chicken
2013-07-01,211210,2.0882668,frozen fish
2013-07-01,212405,1.7785321,frozen chips
2013-08-01,210106,1.0390441,Bread
2013-08-01,210403,7.920118,Beef
2013-08-01,210905,3.6686134,Fresh chicken
2013-08-01,211210,2.0760345,frozen fish
2013-08-01,212405,1.7789497,frozen chips
2013-09-01,210106,1.0539259,Bread
2013-09-01,210403,7.991341,Beef
2013-09-01,210905,3.708523,Fresh chicken
2013-09-01,211210,2.0622222,frozen fish
2013-09-01,212405,1.752844,frozen chips
2013-10-01,210106,1.0652555,Bread
2013-10-01,210403,7.9751925,Beef
2013-10-01,210905,3.7194214,Fresh chicken
2013-10-01,211210,2.0415094,frozen fish
2013-10-01,212405,1.8347707,frozen chips
2013-11-01,210106,1.0432812,Bread
2013-11-01,210403,8.064491,Beef
2013-11-01,210905,3.7278008,Fresh chicken
2013-11-01,211210,2.0464385,frozen fish
2013-11-01,212405,1.8481107,frozen chips
2013-12-01,210106,1.0426619,Bread
2013-12-01,210403,8.00597,Beef
2013-12-01,210905,3.753718,Fresh chicken
2013-12-01,211210,2.0341096,frozen fish
2013-12-01,212405,1.8419534,frozen chips
2014-01-01,210106,1.050803,Bread
2014-01-01,210403,8.011629,Beef
2014-01-01,210905,3.699261,Fresh chicken
2014-01-01,211210,1.9958768,frozen fish
2014-01-01,212405,1.8856881,frozen chips
2014-02-01,210106,1.0177692,Bread
2014-02-01,210403,8.091939,Beef
2014-02-01,210905,3.6808333,Fresh chicken
2014-02-01,211210,2.0282407,frozen fish
2014-02-01,212405,1.7801869,frozen chips
2014-03-01,210106,1.0474074,Bread
2014-03-01,210403,8.056602,Beef
2014-03-01,210905,3.6776295,Fresh chicken
2014-03-01,211210,2.0483172,frozen fish
2014-03-01,212405,1.886068,frozen chips
2014-04-01,210106,1.0437595,Bread
2014-04-01,210403,8.113521,Beef
2014-04-01,210905,3.7807949,Fresh chicken
2014-04-01,211210,2.0695872,frozen fish
2014-04-01,212405,1.8047475,frozen chips
2014-05-01,210106,1.0191791,Bread
2014-05-01,210403,7.9642425,Beef
2014-05-01,210905,3.7162654,Fresh chicken
2014-05-01,211210,2.0842412,frozen fish
2014-05-01,212405,1.7961025,frozen chips
2014-06-01,210106,1.0571533,Bread
2014-06-01,210403,8.038808,Beef
2014-06-01,210905,3.7347367,Fresh chicken
2014-06-01,211210,2.0135455,frozen fish
2014-06-01,212405,1.7737305,frozen chips
2014-07-01,210106,1.0662318,Bread
2014-07-01,210403,7.9746695,Beef
2014-07-01,210905,3.7183263,Fresh chicken
2014-07-01,211210,2.0735176,frozen fish
2014-07-01,212405,1.7662827,frozen chips
2014-08-01,210106,1.0358088,Bread
2014-08-01,210403,7.9886055,Beef
2014-08-01,210905,3.7285407,Fresh chicken
2014-08-01,211210,1.9544762,frozen fish
2014-08-01,212405,1.7344776,frozen chips
2014-09-01,210106,1.0548873,Bread
2014-09-01,210403,7.9810348,Beef
2014-09-01,210905,3.6599998,Fresh chicken
2014-09-01,211210,2.0196447,frozen fish
2014-09-01,212405,1.6920378,frozen chips
2014-10-01,210106,1.0265694,Bread
2014-10-01,210403,8.047656,Beef
2014-10-01,210905,3.7019086,Fresh chicken
2014-10-01,211210,2.0527587,frozen fish
2014-10-01,212405,1.7001423,frozen chips
2014-11-01,210106,1.0334375,Bread
2014-11-01,210403,8.05284,Beef
2014-11-01,210905,3.7288618,Fresh chicken
2014-11-01,211210,1.95315,frozen fish
2014-11-01,212405,1.6257277,frozen chips
2014-12-01,210106,1.0632331,Bread
2014-12-01,210403,8.058647,Beef
2014-12-01,210905,3.778703,Fresh chicken
2014-12-01,211210,2.1024,frozen fish
2014-12-01,212405,1.6899999,frozen chips
2015-01-01,210106,1.0447016,Bread
2015-01-01,210403,7.988506,Beef
2015-01-01,210905,3.7102304,Fresh chicken
2015-01-01,211210,2.0704718,frozen fish
2015-01-01,212405,1.7125944,frozen chips
2015-02-01,210106,1.02984,Bread
2015-02-01,210403,8.013149,Beef
2015-02-01,210905,3.7117822,Fresh chicken
2015-02-01,211210,1.9454067,frozen fish
2015-02-01,212405,1.6714721,frozen chips
2015-03-01,210106,1.05375,Bread
2015-03-01,210403,7.9791985,Beef
2015-03-01,210905,3.6680508,Fresh chicken
2015-03-01,211210,1.856574,frozen fish
2015-03-01,212405,1.745153,frozen chips
2015-04-01,210106,1.0830535,Bread
2015-04-01,210403,7.978727,Beef
2015-04-01,210905,3.678059,Fresh chicken
2015-04-01,211210,1.998919,frozen fish
2015-04-01,212405,1.7527586,frozen chips
2015-05-01,210106,1.0562698,Bread
2015-05-01,210403,7.9942355,Beef
2015-05-01,210905,3.6500852,Fresh chicken
2015-05-01,211210,1.9781778,frozen fish
2015-05-01,212405,1.7419417,frozen chips
2015-06-01,210106,1.0360317,Bread
2015-06-01,210403,8.01477,Beef
2015-06-01,210905,3.6510878,Fresh chicken
2015-06-01,211210,2.0056636,frozen fish
2015-06-01,212405,1.6885389,frozen chips
2015-07-01,210106,1.0298518,Bread
2015-07-01,210403,7.9581146,Beef
2015-07-01,210905,3.6086974,Fresh chicken
2015-07-01,211210,1.9448673,frozen fish
2015-07-01,212405,1.7646222,frozen chips
2015-08-01,210106,1.039697,Bread
2015-08-01,210403,7.968893,Beef
2015-08-01,210905,3.6316116,Fresh chicken
2015-08-01,211210,1.9511111,frozen fish
2015-08-01,212405,1.7099127,frozen chips
2015-09-01,210106,1.039416,Bread
2015-09-01,210403,7.970226,Beef
2015-09-01,210905,3.62684,Fresh chicken
2015-09-01,211210,1.8983556,frozen fish
2015-09-01,212405,1.7162781,frozen chips
2015-10-01,210106,1.0247445,Bread
2015-10-01,210403,7.9296074,Beef
2015-10-01,210905,3.6250842,Fresh chicken
2015-10-01,211210,1.9517734,frozen fish
2015-10-01,212405,1.6969445,frozen chips
2015-11-01,210106,1.0319117,Bread
2015-11-01,210403,8.007352,Beef
2015-11-01,210905,3.6138306,Fresh chicken
2015-11-01,211210,2.0138001,frozen fish
2015-11-01,212405,1.6589099,frozen chips
2015-12-01,210106,1.0346377,Bread
2015-12-01,210403,7.99874,Beef
2015-12-01,210905,3.5683606,Fresh chicken
2015-12-01,211210,2.015099,frozen fish
2015-12-01,212405,1.7082076,frozen chips
2016-01-01,210106,1.0283823,Bread
2016-01-01,210403,7.9301486,Beef
2016-01-01,210905,3.5272765,Fresh chicken
2016-01-01,211210,1.9697685,frozen fish
2016-01-01,212405,1.6955262,frozen chips
2016-02-01,210106,1.049394,Bread
2016-02-01,210403,7.7761655,Beef
2016-02-01,210905,3.5138962,Fresh chicken
2016-02-01,211210,1.9768447,frozen fish
2016-02-01,212405,1.6901793,frozen chips
2016-03-01,210106,1.0399286,Bread
2016-03-01,210403,7.516053,Beef
2016-03-01,210905,3.5334177,Fresh chicken
2016-03-01,211210,1.8403636,frozen fish
2016-03-01,212405,1.7370176,frozen chips
2016-04-01,210106,1.0307857,Bread
2016-04-01,210403,7.5677557,Beef
2016-04-01,210905,3.450164,Fresh chicken
2016-04-01,211210,2.0360577,frozen fish
2016-04-01,212405,1.7132599,frozen chips
2016-05-01,210106,1.0133088,Bread
2016-05-01,210403,7.59063,Beef
2016-05-01,210905,3.4514937,Fresh chicken
2016-05-01,211210,1.8974038,frozen fish
2016-05-01,212405,1.6595927,frozen chips
2016-06-01,210106,1.0184138,Bread
2016-06-01,210403,7.536103,Beef
2016-06-01,210905,3.4277055,Fresh chicken
2016-06-01,211210,1.9748131,frozen fish
2016-06-01,212405,1.6959808,frozen chips
2016-07-01,210106,1.0170922,Bread
2016-07-01,210403,7.5422897,Beef
2016-07-01,210905,3.4155507,Fresh chicken
2016-07-01,211210,1.9641396,frozen fish
2016-07-01,212405,1.7166666,frozen chips
2016-08-01,210106,1.0410417,Bread
2016-08-01,210403,7.5676336,Beef
2016-08-01,210905,3.431272,Fresh chicken
2016-08-01,211210,1.8934234,frozen fish
2016-08-01,212405,1.6386877,frozen chips
2016-09-01,210106,1.0359999,Bread
2016-09-01,210403,7.41694,Beef
2016-09-01,210905,3.3111262,Fresh chicken
2016-09-01,211210,1.9365218,frozen fish
2016-09-01,212405,1.6609092,frozen chips
2016-10-01,210106,1.0328275,Bread
2016-10-01,210403,7.435243,Beef
2016-10-01,210905,3.427173,Fresh chicken
2016-10-01,211210,1.9146086,frozen fish
2016-10-01,212405,1.7468723,frozen chips
2016-11-01,210106,1.0235507,Bread
2016-11-01,210403,7.4846864,Beef
2016-11-01,210905,3.3758197,Fresh chicken
2016-11-01,211210,1.931039,frozen fish
2016-11-01,212405,1.6799551,frozen chips
2016-12-01,210106,1.0313768,Bread
2016-12-01,210403,7.37,Beef
2016-12-01,210905,3.4074168,Fresh chicken
2016-12-01,211210,1.9215789,frozen fish
2016-12-01,212405,1.756937,frozen chips
2017-01-01,210106,1.0152857,Bread
2017-01-01,210403,7.5758266,Beef
2017-01-01,210905,3.4190834,Fresh chicken
2017-01-01,211210,1.9431196,frozen fish
2017-01-01,212405,1.7355129,frozen chips
2017-02-01,210106,0.959771,Bread
2017-02-01,210403,7.511094,Beef
2017-02-01,210905,3.3835807,Fresh chicken
2017-02-01,211210,1.8606699,frozen fish
2017-02-01,212405,1.7457277,frozen chips
2017-03-01,210106,0.95221424,Bread
2017-03-01,210403,7.424,Beef
2017-03-01,210905,3.405272,Fresh chicken
2017-03-01,211210,1.7121505,frozen fish
2017-03-01,212405,1.6551628,frozen chips
2017-04-01,210106,0.9460714,Bread
2017-04-01,210403,7.462406,Beef
2017-04-01,210905,3.3851228,Fresh chicken
2017-04-01,211210,1.631605,frozen fish
2017-04-01,212405,1.7190784,frozen chips
2017-05-01,210106,0.9451678,Bread
2017-05-01,210403,7.37906,Beef
2017-05-01,210905,3.3350637,Fresh chicken
2017-05-01,211210,1.6739362,frozen fish
2017-05-01,212405,1.6921145,frozen chips
2017-06-01,210106,0.93971217,Bread
2017-06-01,210403,7.5011373,Beef
2017-06-01,210905,3.3383982,Fresh chicken
2017-06-01,211210,1.6987065,frozen fish
2017-06-01,212405,1.6942477,frozen chips
2017-07-01,210106,0.97232556,Bread
2017-07-01,210403,7.506895,Beef
2017-07-01,210905,3.3094914,Fresh chicken
2017-07-01,211210,1.7056421,frozen fish
2017-07-01,212405,1.7312162,frozen chips
2017-08-01,210106,0.9696504,Bread
2017-08-01,210403,7.515933,Beef
2017-08-01,210905,3.3207629,Fresh chicken
2017-08-01,211210,1.7559211,frozen fish
2017-08-01,212405,1.6724669,frozen chips
2017-09-01,210106,0.986993,Bread
2017-09-01,210403,7.493993,Beef
2017-09-01,210905,3.3504763,Fresh chicken
2017-09-01,211210,1.7997402,frozen fish
2017-09-01,212405,1.7299123,frozen chips
2017-10-01,210106,0.94910955,Bread
2017-10-01,210403,7.598269,Beef
2017-10-01,210905,3.2942035,Fresh chicken
2017-10-01,211210,1.7754784,frozen fish
2017-10-01,212405,1.7980349,frozen chips
2017-11-01,210106,0.9832857,Bread
2017-11-01,210403,7.552925,Beef
2017-11-01,210905,3.3261971,Fresh chicken
2017-11-01,211210,1.8248035,frozen fish
2017-11-01,212405,1.7541935,frozen chips
2017-12-01,210106,0.9824638,Bread
2017-12-01,210403,7.5848484,Beef
2017-12-01,210905,3.3803947,Fresh chicken
2017-12-01,211210,1.8849114,frozen fish
2017-12-01,212405,1.7828718,frozen chips
2018-01-01,210106,0.97850007,Bread
2018-01-01,210403,7.5499225,Beef
2018-01-01,210905,3.3793488,Fresh chicken
2018-01-01,211210,1.8921889,frozen fish
2018-01-01,212405,1.688601,frozen chips
2018-02-01,210106,0.94949275,Bread
2018-02-01,210403,7.4500413,Beef
2018-02-01,210905,3.2622857,Fresh chicken
2018-02-01,211210,1.9152174,frozen fish
2018-02-01,212405,1.6996764,frozen chips
2018-03-01,210106,0.9492958,Bread
2018-03-01,210403,7.4127483,Beef
2018-03-01,210905,3.3308635,Fresh chicken
2018-03-01,211210,1.9023451,frozen fish
2018-03-01,212405,1.747924,frozen chips
2018-04-01,210106,0.951338,Bread
2018-04-01,210403,7.3619776,Beef
2018-04-01,210905,3.3198678,Fresh chicken
2018-04-01,211210,1.9043518,frozen fish
2018-04-01,212405,1.69553,frozen chips
2018-05-01,210106,0.9492087,Bread
2018-05-01,210403,7.4404926,Beef
2018-05-01,210905,3.341087,Fresh chicken
2018-05-01,211210,1.8725541,frozen fish
2018-05-01,212405,1.7147672,frozen chips
2018-06-01,210106,0.9621324,Bread
2018-06-01,210403,7.481635,Beef
2018-06-01,210905,3.2754076,Fresh chicken
2018-06-01,211210,1.91329,frozen fish
2018-06-01,212405,1.7091328,frozen chips
2018-07-01,210106,0.93822217,Bread
2018-07-01,210403,7.4292192,Beef
2018-07-01,210905,3.2258873,Fresh chicken
2018-07-01,211210,1.8572247,frozen fish
2018-07-01,212405,1.750951,frozen chips
2018-08-01,210106,0.94084513,Bread
2018-08-01,210403,7.3260217,Beef
2018-08-01,210905,3.2981033,Fresh chicken
2018-08-01,211210,1.8869658,frozen fish
2018-08-01,212405,1.7105819,frozen chips
2018-09-01,210106,0.95548606,Bread
2018-09-01,210403,7.3531184,Beef
2018-09-01,210905,3.256936,Fresh chicken
2018-09-01,211210,1.9326841,frozen fish
2018-09-01,212405,1.742322,frozen chips
2018-10-01,210106,0.96978265,Bread
2018-10-01,210403,7.4174438,Beef
2018-10-01,210905,3.2930222,Fresh chicken
2018-10-01,211210,1.8518535,frozen fish
2018-10-01,212405,1.69418,frozen chips
2018-11-01,210106,0.9434028,Bread
2018-11-01,210403,7.3353305,Beef
2018-11-01,210905,3.220274,Fresh chicken
2018-11-01,211210,1.8886937,frozen fish
2018-11-01,212405,1.6936194,frozen chips
2018-12-01,210106,0.9579021,Bread
2018-12-01,210403,7.352461,Beef
2018-12-01,210905,3.1778388,Fresh chicken
2018-12-01,211210,1.8844635,frozen fish
2018-12-01,212405,1.7860665,frozen chips
2019-01-01,210106,0.9716552,Bread
2019-01-01,210403,7.389134,Beef
2019-01-01,210905,3.295611,Fresh chicken
2019-01-01,211210,1.9677273,frozen fish
2019-01-01,212405,1.758061,frozen chips
2019-02-01,210106,0.96525925,Bread
2019-02-01,210403,7.3862643,Beef
2019-02-01,210905,3.2598076,Fresh chicken
2019-02-01,211210,2.0625253,frozen fish
2019-02-01,212405,1.7548286,frozen chips
2019-03-01,210106,0.9822302,Bread
2019-03-01,210403,7.1881747,Beef
2019-03-01,210905,3.244805,Fresh chicken
2019-03-01,211210,2.0886855,frozen fish
2019-03-01,212405,1.7935519,frozen chips
2019-04-01,210106,1.0170423,Bread
2019-04-01,210403,7.331015,Beef
2019-04-01,210905,3.2427685,Fresh chicken
2019-04-01,211210,2.0979545,frozen fish
2019-04-01,212405,1.8018904,frozen chips
2019-05-01,210106,1.0346401,Bread
2019-05-01,210403,7.358657,Beef
2019-05-01,210905,3.1922727,Fresh chicken
2019-05-01,211210,2.0393548,frozen fish
2019-05-01,212405,1.7681944,frozen chips
2019-06-01,210106,0.9743165,Bread
2019-06-01,210403,7.3314075,Beef
2019-06-01,210905,3.2229486,Fresh chicken
2019-06-01,211210,2.0081222,frozen fish
2019-06-01,212405,1.7572312,frozen chips
2019-07-01,210106,0.98510784,Bread
2019-07-01,210403,7.320185,Beef
2019-07-01,210905,3.2680752,Fresh chicken
2019-07-01,211210,2.1352997,frozen fish
2019-07-01,212405,1.7879661,frozen chips
2019-08-01,210106,0.9676923,Bread
2019-08-01,210403,7.309544,Beef
2019-08-01,210905,3.2001731,Fresh chicken
2019-08-01,211210,2.0974655,frozen fish
2019-08-01,212405,1.789212,frozen chips
2019-09-01,210106,0.98917806,Bread
2019-09-01,210403,7.211604,Beef
2019-09-01,210905,3.1964757,Fresh chicken
2019-09-01,211210,2.1492982,frozen fish
2019-09-01,212405,1.7761264,frozen chips
2019-10-01,210106,0.99475527,Bread
2019-10-01,210403,7.189321,Beef
2019-10-01,210905,3.189661,Fresh chicken
2019-10-01,211210,2.1106868,frozen fish
2019-10-01,212405,1.6874444,frozen chips
2019-11-01,210106,1.0070548,Bread
2019-11-01,210403,7.1647954,Beef
2019-11-01,210905,3.1527154,Fresh chicken
2019-11-01,211210,2.1643534,frozen fish
2019-11-01,212405,1.7216399,frozen chips
2019-12-01,210106,1.0381539,Bread
2019-12-01,210403,7.218022,Beef
2019-12-01,210905,3.1956651,Fresh chicken
2019-12-01,211210,2.1934822,frozen fish
2019-12-01,212405,1.7759249,frozen chips
2020-01-01,210106,1.0137584,Bread
2020-01-01,210403,7.1786394,Beef
2020-01-01,210905,3.2032204,Fresh chicken
2020-01-01,211210,2.114764,frozen fish
2020-01-01,212405,1.7522134,frozen chips
2020-02-01,210106,0.98234487,Bread
2020-02-01,210403,7.1940517,Beef
2020-02-01,210905,3.1703272,Fresh chicken
2020-02-01,211210,2.2237499,frozen fish
2020-02-01,212405,1.7675275,frozen chips
2020-03-01,210106,1.0176859,Bread
2020-03-01,210403,7.3941107,Beef
2020-03-01,210905,3.768492,Fresh chicken
2020-03-01,211210,1.9738364,frozen fish
2020-03-01,212405,1.7374523,frozen chips
2020-04-01,210106,0.85573167,Bread
2020-04-01,210403,6.7545133,Beef
2020-04-01,210905,2.8595536,Fresh chicken
2020-04-01,211210,2.33467,frozen fish
2020-04-01,212405,1.7964758,frozen chips
2020-05-01,210106,0.84452826,Bread
2020-05-01,210403,7.1146708,Beef
2020-05-01,210905,2.834895,Fresh chicken
2020-05-01,211210,2.409355,frozen fish
2020-05-01,212405,1.7891971,frozen chips
2020-06-01,210106,0.8182204,Bread
2020-06-01,210403,7.4174724,Beef
2020-06-01,210905,3.068726,Fresh chicken
2020-06-01,211210,2.547476,frozen fish
2020-06-01,212405,1.7374007,frozen chips
2020-07-01,210106,0.8309375,Bread
2020-07-01,210403,7.36065,Beef
2020-07-01,210905,3.0912573,Fresh chicken
2020-07-01,211210,2.4201877,frozen fish
2020-07-01,212405,1.8322473,frozen chips
2020-08-01,210106,0.96232,Bread
2020-08-01,210403,7.3465824,Beef
2020-08-01,210905,3.438743,Fresh chicken
2020-08-01,211210,2.363077,frozen fish
2020-08-01,212405,1.7088077,frozen chips
2020-09-01,210106,0.9709449,Bread
2020-09-01,210403,7.1864,Beef
2020-09-01,210905,3.440529,Fresh chicken
2020-09-01,211210,2.267634,frozen fish
2020-09-01,212405,1.6999234,frozen chips
2020-10-01,210106,0.94864,Bread
2020-10-01,210403,7.088384,Beef
2020-10-01,210905,3.3477886,Fresh chicken
2020-10-01,211210,2.146384,frozen fish
2020-10-01,212405,1.8003693,frozen chips
2020-11-01,210106,0.772973,Bread
2020-11-01,210403,7.199735,Beef
2020-11-01,210905,3.5612698,Fresh chicken
2020-11-01,211210,2.2264583,frozen fish
2020-11-01,212405,1.8231343,frozen chips
2020-12-01,210106,0.8039024,Bread
2020-12-01,210403,7.178304,Beef
2020-12-01,210905,3.416099,Fresh chicken
2020-12-01,211210,2.195677,frozen fish
2020-12-01,212405,1.8591276,frozen chips
2021-01-01,210106,0.8325,Bread
2021-01-01,210403,6.96955,Beef
2021-01-01,210905,3.4527028,Fresh chicken
2021-01-01,211210,2.2534883,frozen fish
2021-01-01,212405,1.8196656,frozen chips
2021-02-01,210106,0.8372174,Bread
2021-02-01,210403,6.8012686,Beef
2021-02-01,210905,3.3531735,Fresh chicken
2021-02-01,211210,2.275419,frozen fish
2021-02-01,212405,1.9253987,frozen chips
2021-03-01,210106,0.9135659,Bread
2021-03-01,210403,7.060221,Beef
2021-03-01,210905,3.2772224,Fresh chicken
2021-03-01,211210,2.353256,frozen fish
2021-03-01,212405,1.8714325,frozen chips
2021-04-01,210106,0.92706895,Bread
2021-04-01,210403,6.9985466,Beef
2021-04-01,210905,3.2700503,Fresh chicken
2021-04-01,211210,2.2143056,frozen fish
2021-04-01,212405,1.9395251,frozen chips
2021-05-01,210106,0.8880198,Bread
2021-05-01,210403,7.250348,Beef
2021-05-01,210905,3.4676397,Fresh chicken
2021-05-01,211210,2.2552793,frozen fish
2021-05-01,212405,1.8863207,frozen chips
2021-06-01,210106,0.90407085,Bread
2021-06-01,210403,7.23442,Beef
2021-06-01,210905,3.4784696,Fresh chicken
2021-06-01,211210,2.3229492,frozen fish
2021-06-01,212405,1.8386216,frozen chips
2021-07-01,210106,0.92875,Bread
2021-07-01,210403,7.056126,Beef
2021-07-01,210905,3.403484,Fresh chicken
2021-07-01,211210,2.2065108,frozen fish
2021-07-01,212405,1.8691128,frozen chips
2021-08-01,210106,0.9638983,Bread
2021-08-01,210403,7.1976514,Beef
2021-08-01,210905,3.4853332,Fresh chicken
2021-08-01,211210,2.2271185,frozen fish
2021-08-01,212405,1.9083966,frozen chips
2021-09-01,210106,0.9761984,Bread
2021-09-01,210403,7.2648497,Beef
2021-09-01,210905,3.5121694,Fresh chicken
2021-09-01,211210,2.2798696,frozen fish
2021-09-01,212405,1.921282,frozen chips
2021-10-01,210106,0.9957851,Bread
2021-10-01,210403,7.317939,Beef
2021-10-01,210905,3.4190454,Fresh chicken
2021-10-01,211210,2.2450442,frozen fish
2021-10-01,212405,1.9108986,frozen chips
2021-11-01,210106,0.9786726,Bread
2021-11-01,210403,7.4545283,Beef
2021-11-01,210905,3.5497718,Fresh chicken
2021-11-01,211210,2.263915,frozen fish
2021-11-01,212405,1.9315428,frozen chips
2021-12-01,210106,1.0120512,Bread
2021-12-01,210403,7.495364,Beef
2021-12-01,210905,3.4836087,Fresh chicken
2021-12-01,211210,2.2535498,frozen fish
2021-12-01,212405,2.0229597,frozen chips
2022-01-01,210106,1.0359349,Bread
2022-01-01,210403,7.537434,Beef
2022-01-01,210905,3.5746605,Fresh chicken
2022-01-01,211210,2.4019132,frozen fish
2022-01-01,212405,1.9982973,frozen chips
2022-02-01,210106,1.0593388,Bread
2022-02-01,210403,7.446412,Beef
2022-02-01,210905,3.5395348,Fresh chicken
2022-02-01,211210,2.4150221,frozen fish
2022-02-01,212405,2.019805,frozen chips
2022-03-01,210106,1.0591407,Bread
2022-03-01,210403,7.543918,Beef
2022-03-01,210905,3.512072,Fresh chicken
2022-03-01,211210,2.4213984,frozen fish
2022-03-01,212405,2.0744011,frozen chips
2022-04-01,210106,1.07144,Bread
2022-04-01,210403,7.618235,Beef
2022-04-01,210905,3.5969162,Fresh chicken
2022-04-01,211210,2.478059,frozen fish
2022-04-01,212405,2.0666194,frozen chips
2022-05-01,210106,1.098189,Bread
2022-05-01,210403,7.7088466,Beef
2022-05-01,210905,3.737897,Fresh chicken
2022-05-01,211210,2.4370692,frozen fish
2022-05-01,212405,2.1343133,frozen chips
2022-06-01,210106,1.1010317,Bread
2022-06-01,210403,7.838417,Beef
2022-06-01,210905,3.8021493,Fresh chicken
2022-06-01,211210,2.3847442,frozen fish
2022-06-01,212405,2.2142894,frozen chips
2022-07-01,210106,1.1235605,Bread
2022-07-01,210403,7.8677278,Beef
2022-07-01,210905,3.824711,Fresh chicken
2022-07-01,211210,2.628936,frozen fish
2022-07-01,212405,2.3431113,frozen chips
2022-08-01,210106,1.1541177,Bread
2022-08-01,210403,8.041391,Beef
2022-08-01,210905,4.0013003,Fresh chicken
2022-08-01,211210,2.6992702,frozen fish
2022-08-01,212405,2.3215213,frozen chips
2022-09-01,210106,1.1416279,Bread
2022-09-01,210403,8.120707,Beef
2022-09-01,210905,3.9397333,Fresh chicken
2022-09-01,211210,2.731017,frozen fish
2022-09-01,212405,2.4636111,frozen chips
2022-10-01,210106,1.1353787,Bread
2022-10-01,210403,8.15487,Beef
2022-10-01,210905,4.0676713,Fresh chicken
2022-10-01,211210,2.769485,frozen fish
2022-10-01,212405,2.443983,frozen chips
2022-11-01,210106,1.1699219,Bread
2022-11-01,210403,8.218138,Beef
2022-11-01,210905,4.188545,Fresh chicken
2022-11-01,211210,2.8728056,frozen fish
2022-11-01,212405,2.3210223,frozen chips
2022-12-01,210106,1.1761538,Bread
2022-12-01,210403,8.382545,Beef
2022-12-01,210905,4.088961,Fresh chicken
2022-12-01,211210,2.9777093,frozen fish
2022-12-01,212405,2.5315073,frozen chips
2023-01-01,210106,1.1775193,Bread
2023-01-01,210403,8.360077,Beef
2023-01-01,210905,4.1359277,Fresh chicken
2023-01-01,211210,2.899913,frozen fish
2023-01-01,212405,2.5719833,frozen chips
2023-02-01,210106,1.1978761,Bread
2023-02-01,210403,8.574516,Beef
2023-02-01,210905,4.21734,Fresh chicken
2023-02-01,211210,2.7959113,frozen fish
2023-02-01,212405,2.4658632,frozen chips
2023-03-01,210106,1.17925,Bread
2023-03-01,210403,8.570487,Beef
2023-03-01,210905,4.1537557,Fresh chicken
2023-03-01,211210,2.9080265,frozen fish
2023-03-01,212405,2.440935,frozen chips
2023-04-01,210106,1.1741463,Bread
2023-04-01,210403,8.643852,Beef
2023-04-01,210905,4.179159,Fresh chicken
2023-04-01,211210,2.955671,frozen fish
2023-04-01,212405,2.5733333,frozen chips
2023-05-01,210106,1.2055038,Bread
2023-05-01,210403,8.836189,Beef
2023-05-01,210905,4.2659826,Fresh chicken
2023-05-01,211210,3.015321,frozen fish
2023-05-01,212405,2.6571112,frozen chips
2023-06-01,210106,1.2060306,Bread
2023-06-01,210403,8.825681,Beef
2023-06-01,210905,4.265193,Fresh chicken
2023-06-01,211210,3.0729294,frozen fish
2023-06-01,212405,2.7332964,frozen chips
2023-07-01,210106,1.1973485,Bread
2023-07-01,210403,8.869355,Beef
2023-07-01,210905,4.3235774,Fresh chicken
2023-07-01,211210,3.049423,frozen fish
2023-07-01,212405,2.7041988,frozen chips
2023-08-01,210106,1.1971428,Bread
2023-08-01,210403,8.817769,Beef
2023-08-01,210905,4.300687,Fresh chicken
2023-08-01,211210,2.9450655,frozen fish
2023-08-01,212405,2.6709564,frozen chips
2023-09-01,210106,1.1964122,Bread
2023-09-01,210403,8.86228,Beef
2023-09-01,210905,4.387602,Fresh chicken
2023-09-01,211210,2.9262965,frozen fish
2023-09-01,212405,2.744239,frozen chips
2023-10-01,210106,1.1981204,Bread
2023-10-01,210403,8.851111,Beef
2023-10-01,210905,4.3242855,Fresh chicken
2023-10-01,211210,2.8848197,frozen fish
2023-10-01,212405,2.778615,frozen chips
2023-11-01,210106,1.1962237,Bread
2023-11-01,210403,8.799145,Beef
2023-11-01,210905,4.471216,Fresh chicken
2023-11-01,211210,2.8770483,frozen fish
2023-11-01,212405,2.7056818,frozen chips
2023-12-01,210106,1.2098507,Bread
2023-12-01,210403,8.808248,Beef
2023-12-01,210905,4.3437915,Fresh chicken
2023-12-01,211210,2.9331465,frozen fish
2023-12-01,212405,2.7903538,frozen chips
2024-01-01,210106,1.2143972,Bread
2024-01-01,210403,8.884642,Beef
2024-01-01,210905,4.3331466,Fresh chicken
2024-01-01,211210,2.868652,frozen fish
2024-01-01,212405,2.7872064,frozen chips
2024-02-01,210106,1.2950001,Bread
2024-02-01,210403,8.916561,Beef
2024-02-01,210905,4.3550706,Fresh chicken
2024-02-01,211210,2.870614,frozen fish
2024-02-01,212405,2.705033,frozen chips
2024-03-01,210106,1.260074,Bread
2024-03-01,210403,8.9570675,Beef
2024-03-01,210905,4.4569397,Fresh chicken
2024-03-01,211210,2.9184415,frozen fish
2024-03-01,212405,2.6760128,frozen chips
2024-04-01,210106,1.2803845,Bread
2024-04-01,210403,9.040541,Beef
2024-04-01,210905,4.3537946,Fresh chicken
2024-04-01,211210,2.8418965,frozen fish
2024-04-01,212405,2.7236857,frozen chips
2024-05-01,210106,1.2535384,Bread
2024-05-01,210403,9.06015,Beef
2024-05-01,210905,4.335319,Fresh chicken
2024-05-01,211210,2.9248276,frozen fish
2024-05-01,212405,2.7366452,frozen chips
2024-06-01,210106,1.2469466,Bread
2024-06-01,210403,9.008137,Beef
2024-06-01,210905,4.3929434,Fresh chicken
2024-06-01,211210,2.9171674,frozen fish
2024-06-01,212405,2.7203822,frozen chips
2024-07-01,210106,1.2611765,Bread
2024-07-01,210403,9.031785,Beef
2024-07-01,210905,4.4671493,Fresh chicken
2024-07-01,211210,2.9245107,frozen fish
2024-07-01,212405,2.6239934,frozen chips
2024-08-01,210106,1.2552207,Bread
2024-08-01,210403,8.939136,Beef
2024-08-01,210905,4.3912396,Fresh chicken
2024-08-01,211210,2.7351694,frozen fish
2024-08-01,212405,2.7185953,frozen chips
2024-09-01,210106,1.2491912,Bread
2024-09-01,210403,8.965379,Beef
2024-09-01,210905,4.398282,Fresh chicken
2024-09-01,211210,2.891064,frozen fish
2024-09-01,212405,2.7821794,frozen chips
2024-10-01,210106,1.241087,Bread
2024-10-01,210403,9.044964,Beef
2024-10-01,210905,4.465545,Fresh chicken
2024-10-01,211210,2.7986147,frozen fish
2024-10-01,212405,2.7463021,frozen chips
2024-11-01,210106,1.1863235,Bread
2024-11-01,210403,9.05636,Beef
2024-11-01,210905,4.455739,Fresh chicken
2024-11-01,211210,2.909115,frozen fish
2024-11-01,212405,2.7500322,frozen chips
2024-12-01,210106,1.1991911,Bread
2024-12-01,210403,9.187621,Beef
2024-12-01,210905,4.507285,Fresh chicken
2024-12-01,211210,2.783304,frozen fish
2024-12-01,212405,2.8172,frozen chips
2025-01-01,210106,1.2035075,Bread
2025-01-01,210403,9.276278,Beef
2025-01-01,210905,4.434338,Fresh chicken
2025-01-01,211210,2.8538628,frozen fish
2025-01-01,212405,2.6049032,frozen chips
2025-02-01,210106,1.2196124,Bread
2025-02-01,210403,9.657263,Beef
2025-02-01,210905,4.504174,Fresh chicken
2025-02-01,211210,2.955307,frozen fish
2025-02-01,212405,2.6766996,frozen chips
2025-03-01,210106,1.2209231,Bread
2025-03-01,210403,9.92634,Beef
2025-03-01,210905,4.5593085,Fresh chicken
2025-03-01,211210,2.7836206,frozen fish
2025-03-01,212405,2.8244703,frozen chips
2025-04-01,210106,1.2128776,Bread
2025-04-01,210403,10.31,Beef
2025-04-01,210905,4.7154245,Fresh chicken
2025-04-01,211210,2.7348402,frozen fish
2025-04-01,212405,2.6974761,frozen chips
2025-05-01,210106,1.2438346,Bread
2025-05-01,210403,10.57259,Beef
2025-05-01,210905,4.783302,Fresh chicken
2025-05-01,211210,3.0105238,frozen fish
2025-05-01,212405,2.760259,frozen chips
2025-06-01,210106,1.2649275,Bread
2025-06-01,210403,10.81262,Beef
2025-06-01,210905,4.6622524,Fresh chicken
2025-06-01,211210,3.0832636,frozen fish
2025-06-01,212405,2.7774603,frozen chips
2025-07-01,210106,1.254855,Bread
2025-07-01,210403,11.23322,Beef
2025-07-01,210905,4.5684385,Fresh chicken
2025-07-01,211210,2.9654386,frozen fish
2025-07-01,212405,2.7891858,frozen chips
2025-08-01,210106,1.2518978,Bread
2025-08-01,210403,11.396766,Beef
2025-08-01,210905,4.6100874,Fresh chicken
2025-08-01,211210,3.1089745,frozen fish
2025-08-01,212405,2.7973871,frozen chips
2025-09-01,210106,1.2720768,Bread
2025-09-01,210403,11.589081,Beef
2025-09-01,210905,4.6800933,Fresh chicken
2025-09-01,211210,3.1154463,frozen fish
2025-09-01,212405,2.784328,frozen chips
2025-10-01,210106,1.2723404,Bread
2025-10-01,210403,11.601636,Beef
2025-10-01,210905,4.610573,Fresh chicken
2025-10-01,211210,3.0276213,frozen fish
2025-10-01,212405,2.79224,frozen chips
